filename, crossed, default, filled, invalid
Screenshot-2024-05-26-111315_png.rf.f333ea4436ae4b67e24a4ee1c231187f.jpg, 0, 1, 0, 0
Screenshot-2024-05-26-120541_png.rf.edf8c81b48f09614e85dbe1df8ac9d84.jpg, 0, 0, 0, 1
Screenshot-2024-05-26-120040_png.rf.f2ffa0d7a85f9a35aa9bd23170971bee.jpg, 0, 0, 0, 1
Screenshot-2024-05-26-112359_png.rf.f77e931c36499ef5c1bd1d3cb215fa74.jpg, 0, 0, 1, 0
Screenshot-2024-05-26-003805_png.rf.f2f1426a70f1060c55e890c7d1651e9c.jpg, 1, 0, 0, 0
Screenshot-2024-05-26-135255_png.rf.fcf160aaebb01184820cbf108bc3bd28.jpg, 0, 0, 1, 0
Screenshot-2024-05-26-134646_png.rf.ef8e8f7588238fce61c19bd973501d7b.jpg, 0, 1, 0, 0
Screenshot-2024-05-26-113007_png.rf.fbcfb92621bfa4e393ccc75613d62314.jpg, 1, 0, 0, 0
Screenshot-2024-05-26-135308_png.rf.f3362f79be5ee2cd8e4b7ac791d0ea2e.jpg, 0, 0, 1, 0
Screenshot-2024-05-26-135402_png.rf.fad48bfaa87ded721dd0e54804855ce3.jpg, 0, 0, 1, 0
Screenshot-2024-05-26-120912_png.rf.f3bd78ea7463bc994b1a121db9566799.jpg, 0, 0, 0, 1
Screenshot-2024-05-26-111306_png.rf.ebdb0ca4614be626050dba5842f16050.jpg, 0, 1, 0, 0
Screenshot-2024-05-26-112730_png.rf.f9e0309b25d38eb64e0ccd7fb5753d10.jpg, 0, 0, 1, 0
Screenshot-2024-05-26-120423_png.rf.f6d21c5f629554dc9810671be6b73a03.jpg, 0, 0, 0, 1
Screenshot-2024-05-26-115103_png.rf.fbebacad1e8221255d85cc7c8f53fad4.jpg, 0, 0, 0, 1
Screenshot-2024-05-26-120744_png.rf.f2c891851e422dcfdb0afffb1d79658e.jpg, 0, 0, 0, 1
Screenshot-2024-05-26-114024_png.rf.fcb6c2387fcff0bda5a527b2ee8cce1b.jpg, 0, 0, 0, 1
Screenshot-2024-05-26-112951_png.rf.fc2a07179281ce83a6c0e932e22f83df.jpg, 1, 0, 0, 0
Screenshot-2024-05-26-134825_png.rf.fa3ab7a6bfac8888abc433ce890ab716.jpg, 0, 1, 0, 0
Screenshot-2024-05-26-135402_png.rf.f27130798e8a96cf88e3bef49886fa2f.jpg, 0, 0, 1, 0
Screenshot-2024-05-26-114502_png.rf.fe36347bbc3b4be831477d0c5a504c65.jpg, 0, 0, 0, 1
Screenshot-2024-05-26-111514_png.rf.fc4315cb3e7b8a334ddb2df9cf666bba.jpg, 0, 1, 0, 0
Screenshot-2024-05-26-120040_png.rf.fa47caf29e263df34b4864cfe60af057.jpg, 0, 0, 0, 1
Screenshot-2024-05-26-004623_png.rf.fb1d8b096568a4768a83fdbb670f9f66.jpg, 0, 1, 0, 0
Screenshot-2024-05-26-003915_png.rf.ee949d7ea87d42dc8c020f26c4db5768.jpg, 1, 0, 0, 0
Screenshot-2024-05-26-121055_png.rf.fef20f6305dcba3f0f9eeeefcaf81997.jpg, 0, 0, 0, 1
Screenshot-2024-05-26-112654_png.rf.fb61f2797d124d26466e067b94e93681.jpg, 0, 0, 1, 0
Screenshot-2024-05-26-134840_png.rf.ff55ff24117b987f06deea8f18430c52.jpg, 0, 0, 1, 0
Screenshot-2024-05-26-135220_png.rf.00ebf7da6a499af842645dcffbc5190e.jpg, 0, 0, 1, 0
Screenshot-2024-05-26-114036_png.rf.00daa58fd223d0fa8c170a4bbe263b7b.jpg, 0, 0, 0, 1
Screenshot-2024-05-26-120500_png.rf.0161d70d634cf93418d1b6d5b2ed916f.jpg, 0, 0, 0, 1
Screenshot-2024-05-26-134813_png.rf.01d91fcea6734fd0f67d7aa16839152c.jpg, 0, 1, 0, 0
Screenshot-2024-05-26-135308_png.rf.020086d2c81197ef55bee0fc94ba59e0.jpg, 0, 0, 1, 0
Screenshot-2024-05-26-004243_png.rf.010e7e806fc8b86b5bd0d4245cd51e78.jpg, 1, 0, 0, 0
Screenshot-2024-05-26-135351_png.rf.0156074a21bdf775b651b0fe10247655.jpg, 0, 0, 1, 0
Screenshot-2024-05-26-120026_png.rf.0737505c02c1e10ce1ff649d4facdc83.jpg, 0, 0, 0, 1
Screenshot-2024-05-26-114900_png.rf.0102a417f2180f93a70b3a2df6e75922.jpg, 0, 0, 0, 1
Screenshot-2024-05-26-134412_png.rf.0571b953226a199cb5a17e7e6f6d6ebb.jpg, 0, 1, 0, 0
Screenshot-2024-05-26-113209_png.rf.02515e06c54fa68d3b0164761e42de6b.jpg, 1, 0, 0, 0
Screenshot-2024-05-26-135351_png.rf.0274ccb4a00db0919f230a718cbc430e.jpg, 0, 0, 1, 0
Screenshot-2024-05-26-134735_png.rf.02b5ecd4705a1fc5a0e06bf7dd7496bb.jpg, 0, 1, 0, 0
Screenshot-2024-05-26-113044_png.rf.04c42e19d8afc4ba358ff1fa25e4be74.jpg, 1, 0, 0, 0
Screenshot-2024-05-26-134427_png.rf.06664873d57d57f00c5f1833b78f93bd.jpg, 0, 1, 0, 0
Screenshot-2024-05-26-003805_png.rf.0a04836f9c2f7d042996d3a1952e4e3a.jpg, 1, 0, 0, 0
Screenshot-2024-05-26-112742_png.rf.08ec5db344195fd4d30d41eaf65a90be.jpg, 0, 0, 1, 0
Screenshot-2024-05-26-004359_png.rf.053c87259c049f7ada5da5d78b668610.jpg, 1, 0, 0, 0
Screenshot-2024-05-26-002533_png.rf.0523ec165c5a3bfbf415ae0342d3b80b.jpg, 0, 0, 1, 0
Screenshot-2024-05-26-113146_png.rf.102ce971743cf7c1c7eeca862be9a723.jpg, 1, 0, 0, 0
Screenshot-2024-05-26-113036_png.rf.0ed52e0099c3840dfb41af743bf29f04.jpg, 1, 0, 0, 0
Screenshot-2024-05-26-115032_png.rf.0d3cf6d5deb3448dbe23755004268fe4.jpg, 0, 0, 0, 1
Screenshot-2024-05-26-004541_png.rf.0edd7c87c5060ad18ce1ac1dde4b6b1c.jpg, 0, 1, 0, 0
Screenshot-2024-05-26-112456_png.rf.0b3d3e975ca84d14b87d4de2133f95c8.jpg, 0, 0, 1, 0
Screenshot-2024-05-26-112456_png.rf.1388717c295f506bbd93de84fb46d291.jpg, 0, 0, 1, 0
Screenshot-2024-05-26-111613_png.rf.087e3776f655580a9575c4c772689ad5.jpg, 0, 1, 0, 0
Screenshot-2024-05-26-004421_png.rf.0ed03a573596e4d5c7943102a9cc8e6e.jpg, 1, 0, 0, 0
Screenshot-2024-05-26-112535_png.rf.14f10f6914196ce46cc701eb4fe478f3.jpg, 0, 0, 1, 0
Screenshot-2024-05-26-134236_png.rf.10bf505bc78673b80536584389bd7e37.jpg, 0, 1, 0, 0
Screenshot-2024-05-26-112742_png.rf.1db275e1db6f59d1fd7c2b3037413428.jpg, 0, 0, 1, 0
Screenshot-2024-05-26-134256_png.rf.18b376b38de7d507eb3bbebd3acb12f7.jpg, 0, 1, 0, 0
qw_png.rf.1988a395586591b8558825067753eb37.jpg, 0, 0, 1, 0
Screenshot-2024-05-26-003657_png.rf.158ecc8034f0dd14befd14dc3bc4809c.jpg, 1, 0, 0, 0
Screenshot-2024-05-26-134605_png.rf.15e44ac2ed0d5f0c670a0ebdb5dc1a4f.jpg, 0, 1, 0, 0
Screenshot-2024-05-26-134341_png.rf.16f951747b9bc5e654eae12fd2fa0f64.jpg, 0, 1, 0, 0
Screenshot-2024-05-26-114036_png.rf.1c2a0494864e24c17572266cae2d6b1f.jpg, 0, 0, 0, 1
Screenshot-2024-05-26-120733_png.rf.1acc74ff5bb91faa4f32d4b94f257a33.jpg, 0, 0, 0, 1
Screenshot-2024-05-26-003156_png.rf.2154645fc7a0a30079959d3e726a5fac.jpg, 1, 0, 0, 0
Screenshot-2024-05-26-114728_png.rf.201ad40bab49f29786e3e5eea71f4bb4.jpg, 0, 0, 0, 1
Screenshot-2024-05-26-121055_png.rf.114931f3ecac21ac4c14692b7c2e2f72.jpg, 0, 0, 0, 1
Screenshot-2024-05-26-135255_png.rf.188d3dcc9327f7d81ac5d3535022d439.jpg, 0, 0, 1, 0
Screenshot-2024-05-26-112720_png.rf.15b5ddc619dba62d7b322d483fcb5afe.jpg, 0, 0, 1, 0
Screenshot-2024-05-26-113209_png.rf.1a7bc0f6b91c64bda08e914a6fbb5b57.jpg, 1, 0, 0, 0
Screenshot-2024-05-26-120434_png.rf.1ac8871f052d49c3d898d69a31c8740a.jpg, 0, 0, 0, 1
Screenshot-2024-05-26-112613_png.rf.1f85c1f8cf2bf94aac094dce8ed95078.jpg, 0, 0, 1, 0
Screenshot-2024-05-26-134212_png.rf.1f8fddc897ace3d6dc87e98f46c43339.jpg, 0, 1, 0, 0
Screenshot-2024-05-26-134327_png.rf.23850b7613a0c4b2f0b01115632a2893.jpg, 0, 1, 0, 0
Screenshot-2024-05-26-134355_png.rf.1a8315bdbe58fc7293a33fd3c8ae2a39.jpg, 0, 1, 0, 0
Screenshot-2024-05-26-004541_png.rf.1e6e368df2590e9005ffd74f400c24fd.jpg, 0, 1, 0, 0
Screenshot-2024-05-26-114756_png.rf.1da59a42d46d6988f8d370a8d50dfeba.jpg, 0, 0, 0, 1
Screenshot-2024-05-26-112545_png.rf.0e6788d4dcfa11e240be202d65c88d96.jpg, 0, 0, 1, 0
Screenshot-2024-05-26-134840_png.rf.217a66f6e18a55658c0242e56a2149c4.jpg, 0, 0, 1, 0
Screenshot-2024-05-26-112431_png.rf.2657d87f3b35d0c70f81bdc30f3706cf.jpg, 0, 0, 1, 0
Screenshot-2024-05-26-002453_png.rf.277eda5c71bccad5ed07b51684fd1c8f.jpg, 0, 0, 1, 0
Screenshot-2024-05-26-004802_png.rf.28bb62a5110569852d9c3c2bd7162bce.jpg, 0, 1, 0, 0
Screenshot-2024-05-26-121014_png.rf.239fcf33ae7ce01c98a84e119eb40987.jpg, 0, 0, 0, 1
Screenshot-2024-05-26-120336_png.rf.2718b0bde1c5f02ce18d80fd7ec6c665.jpg, 0, 0, 0, 1
Screenshot-2024-05-26-134315_png.rf.2843ffb08484df467b8f2f1b87592dd8.jpg, 0, 1, 0, 0
Screenshot-2024-05-26-004445_png.rf.275c64d75785312d7d746385f0fe6587.jpg, 1, 0, 0, 0
Screenshot-2024-05-26-114639_png.rf.29bc62df7a774aa3e949dc82fb12a78b.jpg, 0, 0, 0, 1
Screenshot-2024-05-26-115254_png.rf.1b12502888bfaa9117fdddd0cb549279.jpg, 0, 0, 0, 1
Screenshot-2024-05-26-121036_png.rf.298c89484707d4a0c0a3f741302ba638.jpg, 0, 0, 0, 1
Screenshot-2024-05-26-114443_png.rf.2a9a7511def033dea9a77f154b71ef6e.jpg, 0, 0, 0, 1
Screenshot-2024-05-26-112711_png.rf.2a243d4182d67ec2623bd0741df2f0dd.jpg, 0, 0, 1, 0
Screenshot-2024-05-26-120759_png.rf.2af8e9cf567fed4f42fe39261ce397c4.jpg, 0, 0, 0, 1
Screenshot-2024-05-26-134315_png.rf.2cfe43a8bae9f0e4b7bb1d21d454f211.jpg, 0, 1, 0, 0
Screenshot-2024-05-26-004802_png.rf.2bac2470d65b60097cad3e3362f3ed0b.jpg, 0, 1, 0, 0
Screenshot-2024-05-26-134916_png.rf.2aa15c636c9fde08ea87292278536712.jpg, 0, 0, 1, 0
Screenshot-2024-05-26-120642_png.rf.2db1448b9abe3f76bd2ed44f82375e18.jpg, 0, 0, 0, 1
Screenshot-2024-05-26-120602_png.rf.2ed4a6e11bdd4dbe2b2a92c9d56e7d09.jpg, 0, 0, 0, 1
Screenshot-2024-05-26-135351_png.rf.2937deea9dc2afdc45a01197c791cf33.jpg, 0, 0, 1, 0
Screenshot-2024-05-26-113216_png.rf.2b54c28a833ca728ef099c8f3c5f9d40.jpg, 1, 0, 0, 0
Screenshot-2024-05-26-120321_png.rf.2f17d8fcd2d705ee6fef9ec316365b89.jpg, 0, 0, 0, 1
Screenshot-2024-05-26-112730_png.rf.2fd345dd07aba184a3bdaaef00dfe49a.jpg, 0, 0, 1, 0
Screenshot-2024-05-26-003610_png.rf.2e6161543540cc96153838cefd388868.jpg, 1, 0, 0, 0
Screenshot-2024-05-26-134916_png.rf.2f5edf3e83557a49873c7aa40ba5498e.jpg, 0, 0, 1, 0
Screenshot-2024-05-26-002453_png.rf.34c847e98c97df86e8e117de1ec40aa5.jpg, 0, 0, 1, 0
Screenshot-2024-05-26-113138_png.rf.301435c4aab1c34ad3c53a2b11194ca7.jpg, 1, 0, 0, 0
Screenshot-2024-05-26-004602_png.rf.35580a9d098f2a043888f38b65fece0b.jpg, 0, 1, 0, 0
Screenshot-2024-05-26-121055_png.rf.3066fcd7434dee447976db8889aabb55.jpg, 0, 0, 0, 1
Screenshot-2024-05-26-134412_png.rf.345f842c698bbcf77cb733b6c33c862e.jpg, 0, 1, 0, 0
Screenshot-2024-05-26-004602_png.rf.33f083857be3e872fd3a0405aa7b733f.jpg, 0, 1, 0, 0
Screenshot-2024-05-26-113209_png.rf.340edc15ef8ed6882d386b838986b49a.jpg, 1, 0, 0, 0
Screenshot-2024-05-26-113036_png.rf.391c274d08468ac4c8aca2e9ef2f6b2e.jpg, 1, 0, 0, 0
Screenshot-2024-05-26-114356_png.rf.371ba7a05664b16d747ab6b6120488b9.jpg, 0, 0, 0, 1
Screenshot-2024-05-26-111427_png.rf.39df1e26434dce2472114b8671b9f0b2.jpg, 0, 1, 0, 0
Screenshot-2024-05-26-111417_png.rf.377e8299496d73c208cbc95015af6dba.jpg, 0, 1, 0, 0
Screenshot-2024-05-26-134956_png.rf.30c7850342e74c1ef7fbba4676944511.jpg, 0, 0, 1, 0
Screenshot-2024-05-26-112912_png.rf.33c97e63eb55740c27cf664e6a3bfbd8.jpg, 1, 0, 0, 0
Screenshot-2024-05-26-112553_png.rf.3a91961e745edae3912b5ef5c55fca98.jpg, 0, 0, 1, 0
Screenshot-2024-05-26-134327_png.rf.32c6f18ff4901933ac98bd075fca1404.jpg, 0, 1, 0, 0
Screenshot-2024-05-26-113014_png.rf.37c911fd80f9605d4bf21aad211b52d1.jpg, 1, 0, 0, 0
Screenshot-2024-05-26-135140_png.rf.35c5f373cd6656f9b210fae086d89a51.jpg, 0, 0, 1, 0
Screenshot-2024-05-26-112359_png.rf.345516872a9d5e95010c8b1b17da0d84.jpg, 0, 0, 1, 0
Screenshot-2024-05-26-004717_png.rf.327ea50e1375c5b6b34b239601a2bc8c.jpg, 0, 1, 0, 0
Screenshot-2024-05-26-134444_png.rf.37b9c67c8ff7dc0e614591922f9215a5.jpg, 0, 1, 0, 0
Screenshot-2024-05-26-114502_png.rf.36a4c857b49bd6d950296d6f24e468f1.jpg, 0, 0, 0, 1
Screenshot-2024-05-26-120434_png.rf.3afc11afa3c681c4f890d3b9727140c2.jpg, 0, 0, 0, 1
Screenshot-2024-05-26-112446_png.rf.3b90e3bfba5ebc13b2447c39a6724766.jpg, 0, 0, 1, 0
Screenshot-2024-05-26-114443_png.rf.3c37b3207881ffb499dce188706b66d1.jpg, 0, 0, 0, 1
Screenshot-2024-05-26-121146_png.rf.3d1aba57c134144aea993717d325907c.jpg, 0, 0, 0, 1
Screenshot-2024-05-26-113201_png.rf.3b1aab6db09af5ee493707a056424117.jpg, 1, 0, 0, 0
Screenshot-2024-05-26-120733_png.rf.3d14e58a190779e9438788cb3056755f.jpg, 0, 0, 0, 1
Screenshot-2024-05-26-114024_png.rf.3d1582652e016645291364aed64e0a6a.jpg, 0, 0, 0, 1
Screenshot-2024-05-26-112958_png.rf.3d21c7ae206ffae556c29a8cbf493ed4.jpg, 1, 0, 0, 0
Screenshot-2024-05-26-135140_png.rf.40b9eabe81c3d2724bda826bb8c42d7f.jpg, 0, 0, 1, 0
Screenshot-2024-05-26-114443_png.rf.3e0844612188ec7a2d3a43f6a824f46a.jpg, 0, 0, 0, 1
Screenshot-2024-05-26-004846_png.rf.4501ac5d7b9d6f34ff73f1388bd8fa40.jpg, 0, 0, 1, 0
Screenshot-2024-05-26-114024_png.rf.418d68ea2c81bde65c3ac1f0c6dadffb.jpg, 0, 0, 0, 1
Screenshot-2024-05-26-002453_png.rf.3fbccb1c61ec7fcbf139ed95ae22d157.jpg, 0, 0, 1, 0
Screenshot-2024-05-26-134444_png.rf.43429b641a55236b91f67fd35d906401.jpg, 0, 1, 0, 0
Screenshot-2024-05-26-113014_png.rf.41ad4e9ad77bfe07ff3b7ceae7696591.jpg, 1, 0, 0, 0
Screenshot-2024-05-26-134931_png.rf.40dd82534aae6203564772df4fbe5e33.jpg, 0, 0, 1, 0
Screenshot-2024-05-26-004623_png.rf.3f64aa88bd0b4db321edc0e8142fc289.jpg, 0, 1, 0, 0
Screenshot-2024-05-26-114808_png.rf.413729f3e0aefd82c9d5470efbbc614a.jpg, 0, 0, 0, 1
Screenshot-2024-05-26-114716_png.rf.42a55203662c5a7d032a31153a7ac3ea.jpg, 0, 0, 0, 1
Screenshot-2024-05-26-112446_png.rf.492eacc4e93c8d9eb79c30fd02fe7957.jpg, 0, 0, 1, 0
Screenshot-2024-05-26-111537_png.rf.468231634be6105e540082762e057aba.jpg, 0, 1, 0, 0
Screenshot-2024-05-26-111325_png.rf.42dc929a8547e4de753534c55e96fd67.jpg, 0, 1, 0, 0
Screenshot-2024-05-26-120929_png.rf.42ad65c03f05723390f15aec932c54c7.jpg, 0, 0, 0, 1
Screenshot-2024-05-26-114900_png.rf.42ef3db87054e8163b9c382c8263cd4e.jpg, 0, 0, 0, 1
Screenshot-2024-05-26-111514_png.rf.440d9c6faaa6f0fd89e626722b9ed4bf.jpg, 0, 1, 0, 0
Screenshot-2024-05-26-004243_png.rf.47840ab3e3d48ae39873e9584dc6c3c1.jpg, 1, 0, 0, 0
Screenshot-2024-05-26-134256_png.rf.440294a0449c7b2bbb563e8b79f8695c.jpg, 0, 1, 0, 0
Screenshot-2024-05-26-120500_png.rf.47b792aa4e9d5761509bb5de32d85b94.jpg, 0, 0, 0, 1
Screenshot-2024-05-26-120222_png.rf.45dfed44776031ae49e4b144a8314b09.jpg, 0, 0, 0, 1
Screenshot-2024-05-26-134341_png.rf.45de47ade7ec9b9ba584f1933a232888.jpg, 0, 1, 0, 0
Screenshot-2024-05-26-135200_png.rf.4a3c83debd98105894eb443a1755b1b5.jpg, 0, 0, 1, 0
Screenshot-2024-05-26-112526_png.rf.4617deb876232b79560e63f3d0e69b9d.jpg, 0, 1, 1, 0
Screenshot-2024-05-26-112456_png.rf.4bd67309800ba9cb4e83f915e54d73e2.jpg, 0, 0, 1, 0
Screenshot-2024-05-26-114413_png.rf.3da6b2509c2ab808ee0a653bdbc24fbe.jpg, 0, 0, 0, 1
Screenshot-2024-05-26-112635_png.rf.4c9d071daa02b4ed440658ade8a131e8.jpg, 0, 0, 1, 0
Screenshot-2024-05-26-113028_png.rf.4ed979208e025967ee3de3cd3b1b487b.jpg, 1, 0, 0, 0
Screenshot-2024-05-26-111556_png.rf.4c2f3ba006d825e1f9890fecd7583af7.jpg, 0, 1, 0, 0
Screenshot-2024-05-26-114036_png.rf.52be0e89932c5a17a1774d6e5a790aee.jpg, 0, 0, 0, 1
Screenshot-2024-05-26-111417_png.rf.45adade25906acb88a682b4394a0d1a0.jpg, 0, 1, 0, 0
Screenshot-2024-05-26-134747_png.rf.518c1b6dcedda1c2ed87328b2902ed26.jpg, 0, 1, 0, 0
Screenshot-2024-05-26-004551_png.rf.4beffab5e77f9aaa5c39afe65becd984.jpg, 0, 1, 0, 0
Screenshot-2024-05-26-111315_png.rf.4fd260cad88c5e6cee76cfacbbf61368.jpg, 0, 1, 0, 0
Screenshot-2024-05-26-134747_png.rf.4da3960e713c422b5c8752b50b7e2cc9.jpg, 0, 1, 0, 0
Screenshot-2024-05-26-134825_png.rf.5418240ac2a7d69d7afa868303c135c4.jpg, 0, 1, 0, 0
Screenshot-2024-05-26-112517_png.rf.4e9924b6ba3b5477437f06a959a8d827.jpg, 0, 0, 1, 0
Screenshot-2024-05-26-120744_png.rf.533387275143aaa5fc101001116828b5.jpg, 0, 0, 0, 1
Screenshot-2024-05-26-004846_png.rf.5093d10c3f8bd876f0c2d242fe28b7c2.jpg, 0, 0, 1, 0
Screenshot-2024-05-26-111325_png.rf.4ee9c59465a0c39f76282e68aa9b1d98.jpg, 0, 1, 0, 0
Screenshot-2024-05-26-112431_png.rf.49e0b4b1535eb32e110947cd7cca48ce.jpg, 0, 0, 1, 0
Screenshot-2024-05-26-120321_png.rf.52352de173168da42d8d6057f7bb82c1.jpg, 0, 0, 0, 1
Screenshot-2024-05-26-111315_png.rf.4dcd6a3257a00613d4ea9b6bdd42ae0f.jpg, 0, 1, 0, 0
Screenshot-2024-05-26-112702_png.rf.52c33d20d8c668df1ff581b19e0e53bc.jpg, 0, 0, 1, 0
Screenshot-2024-05-26-121146_png.rf.54397685004f67e5408e0620590074bf.jpg, 0, 0, 0, 1
Screenshot-2024-05-26-112517_png.rf.508ca6bb448411e5a50124dae6692845.jpg, 0, 0, 1, 0
Screenshot-2024-05-26-111110_png.rf.51db2d96301793830f596092d92d4a0a.jpg, 0, 1, 0, 0
Screenshot-2024-05-26-120500_png.rf.560c8d86155e7dc5b38e6db3107a1f30.jpg, 0, 0, 0, 1
Screenshot-2024-05-26-120642_png.rf.52d6b723cea78278d9c37c5811f8405d.jpg, 0, 0, 0, 1
Screenshot-2024-05-26-120929_png.rf.55e38bbd3a2e586f790dddd44e2854fb.jpg, 0, 0, 0, 1
Screenshot-2024-05-26-003940_png.rf.5399bc4f5fd5b1e67b6f4b9e452e0ee8.jpg, 1, 0, 0, 0
Screenshot-2024-05-26-120602_png.rf.5993b120bfc8f3b8b33bbb8acfaa76a6.jpg, 0, 0, 0, 1
Screenshot-2024-05-26-111655_png.rf.511c78544bdaea650cbdb301ec1af42e.jpg, 0, 1, 0, 0
Screenshot-2024-05-26-120820_png.rf.56b7d270ee3199428885a224ab7b212b.jpg, 0, 0, 0, 1
Screenshot-2024-05-26-120040_png.rf.557c8a1f8e185ee4ea40dffc37cdc968.jpg, 0, 0, 0, 1
Screenshot-2024-05-26-003940_png.rf.5b1cfa3c8240d315ffbfaac95cde454d.jpg, 1, 0, 0, 0
Screenshot-2024-05-26-120336_png.rf.580abc819a0024fc4e1373195df16530.jpg, 0, 0, 0, 1
Screenshot-2024-05-26-114516_png.rf.5a7d72b6fedbd014a50a7996bffbfaff.jpg, 0, 0, 0, 1
Screenshot-2024-05-26-134548_png.rf.55b48c303a29888f669463f1706168c8.jpg, 0, 1, 0, 0
Screenshot-2024-05-26-111121_png.rf.59d0fb54e4e76a945295d5e6766ef768.jpg, 0, 1, 0, 0
Screenshot-2024-05-26-002533_png.rf.55d7f685ab421e08cbdd2e5968f81d08.jpg, 0, 0, 1, 0
Screenshot-2024-05-26-114728_png.rf.5842096a10a4eee96a4485a0ead11ee1.jpg, 0, 0, 0, 1
Screenshot-2024-05-26-115953_png.rf.5bd3010ffcc0da40d4f6e68ada9ae219.jpg, 0, 0, 0, 1
Screenshot-2024-05-26-004042_png.rf.5f0acdfa8ec22d71b0ffb09100ca2dd7.jpg, 1, 0, 0, 0
Screenshot-2024-05-26-112613_png.rf.54e137f3f2b92b526163a017a74aa0bb.jpg, 0, 0, 1, 0
Screenshot-2024-05-26-111110_png.rf.648420cb1411e349bebc37d5d4d26024.jpg, 0, 1, 0, 0
Screenshot-2024-05-26-134747_png.rf.5e1cfd22d187c77a031294ac6651e443.jpg, 0, 1, 0, 0
Screenshot-2024-05-26-004602_png.rf.60185007ea67822713d8bbb5589e5b84.jpg, 0, 1, 0, 0
Screenshot-2024-05-26-120700_png.rf.61a557266968195e8f6ab76c167ca129.jpg, 0, 0, 0, 1
Screenshot-2024-05-26-111537_png.rf.602178a6abbb03078319830a9441bd4c.jpg, 0, 1, 0, 0
Screenshot-2024-05-26-134605_png.rf.5b5ee473ce487a713626b203d6987112.jpg, 0, 1, 0, 0
Screenshot-2024-05-26-111151_png.rf.54d2163c4310f715a6fbe7851b7f8574.jpg, 0, 1, 0, 0
Screenshot-2024-05-26-120938_png.rf.5d98f812956fd6b9606045fbd188d70f.jpg, 0, 0, 0, 1
Screenshot-2024-05-26-134825_png.rf.629ff5fcf63d220a7e9c6ef045cf957f.jpg, 0, 1, 0, 0
Screenshot-2024-05-26-135229_png.rf.6624bafb8d0523d0503e94a297288469.jpg, 0, 0, 1, 0
Screenshot-2024-05-26-113007_png.rf.65b8aa11185037f22ada49aa3a25ee22.jpg, 1, 0, 0, 0
Screenshot-2024-05-26-111556_png.rf.66e56f6e17898be4bb44f80caff02508.jpg, 0, 1, 0, 0
Screenshot-2024-05-26-134931_png.rf.64acdc134fd3110d973c84c6502c980c.jpg, 0, 0, 1, 0
Screenshot-2024-05-26-134944_png.rf.69e97c3abd45551f23c1a9ffc9da2870.jpg, 0, 0, 1, 0
Screenshot-2024-05-26-004445_png.rf.61cffe29688f26f523275499048eea9b.jpg, 1, 0, 0, 0
Screenshot-2024-05-26-112545_png.rf.60e6983b1cbde4869864beccae41c291.jpg, 0, 0, 1, 0
Screenshot-2024-05-26-004359_png.rf.6bcef32e8406ddb93a6d8ddb5e8277e6.jpg, 1, 0, 0, 0
Screenshot-2024-05-26-113201_png.rf.604af89b23aa2fbe81795de232177ff5.jpg, 1, 0, 0, 0
Screenshot-2024-05-26-113022_png.rf.67346cbe58ff2a3994238b5fec8f06f7.jpg, 1, 0, 0, 0
Screenshot-2024-05-26-114756_png.rf.6d318aa2ea46dde709b2316fffbe6511.jpg, 0, 0, 0, 1
Screenshot-2024-05-26-134236_png.rf.67bc0985a5b5fe92716d47d17bf3830b.jpg, 0, 1, 0, 0
Screenshot-2024-05-26-114716_png.rf.6bdbf3501ce84383f7e93b18300f21fe.jpg, 0, 0, 0, 1
Screenshot-2024-05-26-120938_png.rf.70566c4b5db8e2b76b983dd99d5a3a49.jpg, 0, 0, 0, 1
Screenshot-2024-05-26-121005_png.rf.695e4bf4692f1845b26f0de1e96a0805.jpg, 0, 0, 0, 1
Screenshot-2024-05-26-111334_png.rf.6d9489de40fee9a1bd30335d93492382.jpg, 0, 1, 0, 0
Screenshot-2024-05-26-120525_png.rf.7119d45ce35661b4f68de2cb8c0df9c7.jpg, 0, 0, 0, 1
Screenshot-2024-05-26-111537_png.rf.6e0c9d119797c85d57f68b8106e2cecd.jpg, 0, 1, 0, 0
Screenshot-2024-05-26-112446_png.rf.6811dc8e226caf9c3b239748919abda8.jpg, 0, 0, 1, 0
Screenshot-2024-05-26-135255_png.rf.6f85cf8a36d2708097d1e3221dd29016.jpg, 0, 0, 1, 0
Screenshot-2024-05-26-114627_png.rf.6e2b462a2b112ea6723a553601aa62b3.jpg, 0, 0, 0, 1
Screenshot-2024-05-26-112951_png.rf.7243535b0339f9d2ef8032a23ee66871.jpg, 1, 0, 0, 0
Screenshot-2024-05-26-111241_png.rf.68afa85f35aaaae8c4a60afb2641c51a.jpg, 0, 1, 0, 0
Screenshot-2024-05-26-134355_png.rf.70952b39fe9dac2ac378dc56dbf373b4.jpg, 0, 1, 0, 0
Screenshot-2024-05-26-111613_png.rf.6c4f93a9801fc2adb48ed16cd74e836e.jpg, 0, 1, 0, 0
Screenshot-2024-05-26-112535_png.rf.7172c039f33288f833020eee385c3c29.jpg, 0, 0, 1, 0
Screenshot-2024-05-26-120026_png.rf.707ae06fd3153fa15bfac6b6951e8b0c.jpg, 0, 0, 0, 1
Screenshot-2024-05-26-004421_png.rf.68a77e684a20b97e29b80f16e77efab6.jpg, 1, 0, 0, 0
Screenshot-2024-05-26-135319_png.rf.72366defde574de6bd74ece324c3bb4b.jpg, 0, 0, 1, 0
Screenshot-2024-05-26-003644_png.rf.7344495d1d2cd74c7a73bc355dd3281d.jpg, 1, 0, 0, 0
Screenshot-2024-05-26-113036_png.rf.71b80770055a32b20730e2d951649b64.jpg, 1, 0, 0, 0
Screenshot-2024-05-26-114502_png.rf.696106b43415508966c705af913b17d6.jpg, 0, 0, 0, 1
Screenshot-2024-05-26-004551_png.rf.7ea7f6af982c93c550febd11bb07fff6.jpg, 0, 1, 0, 0
Screenshot-2024-05-26-111417_png.rf.7a0da0b37525711ea6e6ef0a22009579.jpg, 0, 1, 0, 0
Screenshot-2024-05-26-112928_png.rf.778a87bd9c6908402d3aedf8ad7cfd0f.jpg, 1, 0, 0, 0
Screenshot-2024-05-26-120321_png.rf.7ea8225f83784a4bc95a269ef658aa8e.jpg, 0, 0, 0, 1
Screenshot-2024-05-26-134256_png.rf.7949b18b432aedb7d021d9a49ce3c342.jpg, 0, 1, 0, 0
Screenshot-2024-05-26-1342123_png.rf.7601350bd26ae2f05e10773e6661b2a8.jpg, 0, 1, 0, 0
Screenshot-2024-05-26-114627_png.rf.777a9f83cfa334efd84d6afa098b2e77.jpg, 0, 0, 0, 1
Screenshot-2024-05-26-113028_png.rf.7508640c33c5367bb3b9430e42a25e5f.jpg, 1, 0, 0, 0
Screenshot-2024-05-26-120525_png.rf.7ca2203de78971776f429e6424bb5408.jpg, 0, 0, 0, 1
Screenshot-2024-05-26-003644_png.rf.784b6287ffcb560a3cac8e669fa2e899.jpg, 1, 0, 0, 0
Screenshot-2024-05-26-113216_png.rf.7720a5dfa512734ca8492888088fdcbc.jpg, 1, 0, 0, 0
Screenshot-2024-05-26-121005_png.rf.7fe3b8d1fe742a8ae1240dd445e5518a.jpg, 0, 0, 0, 1
Screenshot-2024-05-26-112505_png.rf.767d3653c9a7268ec1edb7005a1b251f.jpg, 0, 0, 1, 0
Screenshot-2024-05-26-114742_png.rf.772260ccd2b364fe9d7778c9861c5cfa.jpg, 0, 0, 0, 1
Screenshot-2024-05-26-111306_png.rf.7ffb5d1da4836e6c42488f8867f6c97d.jpg, 0, 1, 0, 0
Screenshot-2024-05-26-120234_png.rf.7f5f6e5f13d82b60a963d01874ad951a.jpg, 0, 0, 0, 1
Screenshot-2024-05-26-120234_png.rf.7c965be22aa4d85d7438dec55f68a7c1.jpg, 0, 0, 0, 1
Screenshot-2024-05-26-112526_png.rf.7a0074061ccadfc31dcc82de9ec78d35.jpg, 0, 1, 1, 0
Screenshot-2024-05-26-111121_png.rf.82114b165d05f12042aa2f8f2e3051ac.jpg, 0, 1, 0, 0
Screenshot-2024-05-26-134735_png.rf.772069c30c0ee348228c0be6cacff8cf.jpg, 0, 1, 0, 0
Screenshot-2024-05-26-121014_png.rf.7ecc3d7ce397c8a3d9dab11450e43e9d.jpg, 0, 0, 0, 1
Screenshot-2024-05-26-135140_png.rf.8187af75af515faea9835c0c3d1d18ba.jpg, 0, 0, 1, 0
Screenshot-2024-05-26-135340_png.rf.79ead73acc2b63093d716adf4e5cb2b8.jpg, 0, 0, 1, 0
Screenshot-2024-05-26-112936_png.rf.7b79e135dd669410e93e842fc5231486.jpg, 1, 0, 0, 0
Screenshot-2024-05-26-134813_png.rf.8086ed08fbb885e04b44da2833f93305.jpg, 0, 1, 0, 0
Screenshot-2024-05-26-113044_png.rf.77f97436c2070a0db4046453cad7836b.jpg, 1, 0, 0, 0
Screenshot-2024-05-26-112720_png.rf.7ad5461a736f67800c49953f386f02f0.jpg, 0, 0, 1, 0
Screenshot-2024-05-26-003915_png.rf.7fabb7b99758b71ad7e794a141d924f3.jpg, 1, 0, 0, 0
Screenshot-2024-05-26-112848_png.rf.8391371676dfa4a8ac510cf16507e6bd.jpg, 1, 0, 0, 0
Screenshot-2024-05-26-120938_png.rf.844e8d9fc430462256b19cdbf2e66d91.jpg, 0, 0, 0, 1
Screenshot-2024-05-26-112928_png.rf.83c85e1440735b06c2894d3d674256b6.jpg, 1, 0, 0, 0
Screenshot-2024-05-26-134412_png.rf.82d9292a55a88adb559929cab000682f.jpg, 0, 1, 0, 0
Screenshot-2024-05-26-111556_png.rf.87c4d4c0f1f3a753b41a47a3e65cc548.jpg, 0, 1, 0, 0
Screenshot-2024-05-26-120026_png.rf.83cf4b96c6dd25d8d60311f6fec373f0.jpg, 0, 0, 0, 1
Screenshot-2024-05-26-114356_png.rf.85ec1ba1322488d11a2197d54db0d116.jpg, 0, 0, 0, 1
Screenshot-2024-05-26-114516_png.rf.84b998a67694ff6c0c47ceb343fc3955.jpg, 0, 0, 0, 1
Screenshot-2024-05-26-111427_png.rf.8c4295a5f22a87eb5158cee9386cc602.jpg, 0, 1, 0, 0
Screenshot-2024-05-26-120541_png.rf.84274ec464f76c53b1c0567e9f0918bb.jpg, 0, 0, 0, 1
Screenshot-2024-05-26-111241_png.rf.878db6f8aed71951372e34bf4a41d6a9.jpg, 0, 1, 0, 0
Screenshot-2024-05-26-114926_png.rf.8b62293ee2f96532b9c45311964d4d9b.jpg, 0, 0, 0, 1
Screenshot-2024-05-26-120434_png.rf.88cf614a67973da47807ab90f7e5f05b.jpg, 0, 0, 0, 1
Screenshot-2024-05-26-114627_png.rf.88bfd65031c3f5c5bd19fd41873be772.jpg, 0, 0, 0, 1
Screenshot-2024-05-26-114742_png.rf.8717cf6a106f7bf9c43bca092aa68df5.jpg, 0, 0, 0, 1
Screenshot-2024-05-26-115953_png.rf.8ca36ae5e10c5bb26f5404ae245e5e95.jpg, 0, 0, 0, 1
Screenshot-2024-05-26-003644_png.rf.8bfbd59a068e0f66cfc77d19047f736c.jpg, 1, 0, 0, 0
Screenshot-2024-05-26-113146_png.rf.8377a7ee887c314327ee25473f2e598d.jpg, 1, 0, 0, 0
Screenshot-2024-05-26-114845_png.rf.8b8a4dc1b147c4a8851057d685abdcac.jpg, 0, 0, 0, 1
Screenshot-2024-05-26-112903_png.rf.8b2a2566471e75538e09458210d8f512.jpg, 1, 0, 0, 0
Screenshot-2024-05-26-112903_png.rf.8da17b2899007429a145f8e309cc13ae.jpg, 1, 0, 0, 0
Screenshot-2024-05-26-111201_png.rf.90a032024e23957cb70fb58ea6770b00.jpg, 0, 1, 0, 0
Screenshot-2024-05-26-134427_png.rf.8fb0038c3c0182fbb13ee9b400d874da.jpg, 0, 1, 0, 0
Screenshot-2024-05-26-114845_png.rf.8e8903a8182d8d91d398659927eff0ee.jpg, 0, 0, 0, 1
Screenshot-2024-05-26-121036_png.rf.8dffc07c179bcd8418e9c421640b98fb.jpg, 0, 0, 0, 1
Screenshot-2024-05-26-134646_png.rf.8f86d5f30007a43c67a3315bf250ff2c.jpg, 0, 1, 0, 0
Screenshot-2024-05-26-120234_png.rf.90a1c95d9081543a2544fba1dd42d14d.jpg, 0, 0, 0, 1
Screenshot-2024-05-26-121146_png.rf.937489aa1e0f489edf690cc8433ba24a.jpg, 0, 0, 0, 1
Screenshot-2024-05-26-120912_png.rf.8d5d4a9f11b5c94c77cccafc1a7771f6.jpg, 0, 0, 0, 1
Screenshot-2024-05-26-115254_png.rf.8e879f855601cd7a98a9bab19df92088.jpg, 0, 0, 0, 1
Screenshot-2024-05-26-111121_png.rf.921d48819cfba3f03990c2d2fa91dc93.jpg, 0, 1, 0, 0
Screenshot-2024-05-26-134327_png.rf.913dd99d8598b675d3a9e547edb76a3d.jpg, 0, 1, 0, 0
Screenshot-2024-05-26-134944_png.rf.946cb224ca8e31bddfe2befe622ca064.jpg, 0, 0, 1, 0
Screenshot-2024-05-26-112526_png.rf.959a398a546b6f6719feef71832eb6fc.jpg, 0, 1, 1, 0
Screenshot-2024-05-26-120423_png.rf.8e47b16b636c52a2e36fe0e286e34466.jpg, 0, 0, 0, 1
Screenshot-2024-05-26-1342123_png.rf.99df94071435960b15ac73c0d9894cd8.jpg, 0, 1, 0, 0
Screenshot-2024-05-26-120700_png.rf.91a5693eb4b6ba96efc3bd5fa3e73fb3.jpg, 0, 0, 0, 1
qw_png.rf.9b3e70008883d4e5f11537be013cbd6a.jpg, 0, 0, 1, 0
Screenshot-2024-05-26-114845_png.rf.96e92e7f1cc7f48b62a8c88e42e72f07.jpg, 0, 0, 0, 1
Screenshot-2024-05-26-134444_png.rf.a0c7912de32f7539ecd58dd84bbacef3.jpg, 0, 1, 0, 0
Screenshot-2024-05-26-121014_png.rf.9aff3e239cd789f5668634530701053a.jpg, 0, 0, 0, 1
Screenshot-2024-05-26-114948_png.rf.95d75f3bb2bf60be66c3a995b48e224f.jpg, 0, 0, 0, 1
Screenshot-2024-05-26-113014_png.rf.9bf9ed11250ae5b349ab2397944298ad.jpg, 1, 0, 0, 0
Screenshot-2024-05-26-134840_png.rf.94306ac6d4c956ad40a8d5c9b79dc74b.jpg, 0, 0, 1, 0
Screenshot-2024-05-26-111427_png.rf.9db7e969ee00f9c4808f9159ab1f0cf5.jpg, 0, 1, 0, 0
Screenshot-2024-05-26-120744_png.rf.9b035f3fe3ef320be7559c8294116192.jpg, 0, 0, 0, 1
Screenshot-2024-05-26-134236_png.rf.95e2b4a5bdb0ea2fd0082591443d17e7.jpg, 0, 1, 0, 0
Screenshot-2024-05-26-112921_png.rf.969bab0fa259a3d1ac425290ef265db4.jpg, 1, 0, 0, 0
Screenshot-2024-05-26-113022_png.rf.96066250e4ba2b367ec3d028c9e6d1c1.jpg, 1, 0, 0, 0
Screenshot-2024-05-26-111151_png.rf.9c4c1e66017c9ae80ebecd0cddb5e40a.jpg, 0, 1, 0, 0
Screenshot-2024-05-26-112742_png.rf.9eccf1f3e7da0d80f52b06c092dcdfde.jpg, 0, 0, 1, 0
Screenshot-2024-05-26-112505_png.rf.9f0899930c0cee73375943a61902d5b8.jpg, 0, 0, 1, 0
Screenshot-2024-05-26-134646_png.rf.985bf125c27704d2f46aa8594404d861.jpg, 0, 1, 0, 0
Screenshot-2024-05-26-112517_png.rf.a20a5b3a960490d0fe20307656b97eb0.jpg, 0, 0, 1, 0
Screenshot-2024-05-26-111306_png.rf.9ecd8d4a83ebf61991cfd3e16441e1d6.jpg, 0, 1, 0, 0
Screenshot-2024-05-26-135229_png.rf.a101208a76dc81b6cc38520707b58121.jpg, 0, 0, 1, 0
Screenshot-2024-05-26-111201_png.rf.9e694543b2b7ecca4d552e6c8a3fa426.jpg, 0, 1, 0, 0
Screenshot-2024-05-26-135340_png.rf.9fc1e485c334bc62584a86c4f2f728ba.jpg, 0, 0, 1, 0
Screenshot-2024-05-26-112903_png.rf.a35a02e178e4298ea7c6d573386e0a6a.jpg, 1, 0, 0, 0
Screenshot-2024-05-26-135308_png.rf.a2d95ffe4da532da3d635e96859b4637.jpg, 0, 0, 1, 0
Screenshot-2024-05-26-004802_png.rf.a206f8d07a7be628b3c95c1bf152fa4d.jpg, 0, 1, 0, 0
Screenshot-2024-05-26-112921_png.rf.a28222f25f18839c35b9f0e3c41fa72b.jpg, 1, 0, 0, 0
Screenshot-2024-05-26-003156_png.rf.a28e5a3cab1d76fd0d8145fbfa9bb4a3.jpg, 1, 0, 0, 0
Screenshot-2024-05-26-003915_png.rf.a7468da82d1ba49a292d47eef50d74ba.jpg, 1, 0, 0, 0
Screenshot-2024-05-26-135319_png.rf.a2a6a233e5504c18d9819d220e59a0a7.jpg, 0, 0, 1, 0
Screenshot-2024-05-26-135220_png.rf.a7eb0b44735db1ec9086ca1a73c7ace5.jpg, 0, 0, 1, 0
Screenshot-2024-05-26-114639_png.rf.ad280735a2d5b757d1145ca2d2ff09c0.jpg, 0, 0, 0, 1
Screenshot-2024-05-26-112545_png.rf.ad0eb30e7fd06ed67525ac5691df507f.jpg, 0, 0, 1, 0
Screenshot-2024-05-26-134605_png.rf.a6fa0a47daa74ceae6eba8d051443bfb.jpg, 0, 1, 0, 0
Screenshot-2024-05-26-113216_png.rf.abe1d1043ae044ecb93eab32454b4e28.jpg, 1, 0, 0, 0
Screenshot-2024-05-26-003610_png.rf.a55607b154f2dce0735e300fca7efe9c.jpg, 1, 0, 0, 0
Screenshot-2024-05-26-134355_png.rf.a83ab9837c827b427f92bfda4ca069f5.jpg, 0, 1, 0, 0
Screenshot-2024-05-26-112848_png.rf.aa5957178f0381eaca11416155eb1cf7.jpg, 1, 0, 0, 0
Screenshot-2024-05-26-134916_png.rf.ade91eaa280e2fdb51ee711ea8176408.jpg, 0, 0, 1, 0
Screenshot-2024-05-26-135243_png.rf.adc01780482a2a04b3cb41b4efb094eb.jpg, 0, 0, 1, 0
Screenshot-2024-05-26-112635_png.rf.a89c29192e9b66ef5153a8cdcef0ad78.jpg, 0, 0, 1, 0
Screenshot-2024-05-26-112848_png.rf.ab2119426859d0ba3d11611f43b7c938.jpg, 1, 0, 0, 0
Screenshot-2024-05-26-120929_png.rf.ae4b16b6b4fad6ef7d0294ad9ab48cb2.jpg, 0, 0, 0, 1
Screenshot-2024-05-26-111201_png.rf.aa1595c27f740e241aa2cd7fa6433339.jpg, 0, 1, 0, 0
Screenshot-2024-05-26-111655_png.rf.af7882efca2b6e575ad4bede49994458.jpg, 0, 1, 0, 0
Screenshot-2024-05-26-112654_png.rf.afb9030afb3ee21420f594ca6eb9f564.jpg, 0, 0, 1, 0
Screenshot-2024-05-26-120602_png.rf.acc642d0764f05d5eb63c5bd053c1575.jpg, 0, 0, 0, 1
Screenshot-2024-05-26-113146_png.rf.a20edf3679b81a00565d353357830563.jpg, 1, 0, 0, 0
Screenshot-2024-05-26-111151_png.rf.a60557b2a0c3959ce5816552d81e0e4c.jpg, 0, 1, 0, 0
Screenshot-2024-05-26-120759_png.rf.b00c6ef64bba6df461cdbe713cc8cb70.jpg, 0, 0, 0, 1
Screenshot-2024-05-26-121005_png.rf.b01d1e8dc011891430a795f56149bdf5.jpg, 0, 0, 0, 1
Screenshot-2024-05-26-003657_png.rf.b07a300674a626a6043284e682539d0d.jpg, 1, 0, 0, 0
Screenshot-2024-05-26-114742_png.rf.a3efb7b1e3af69b22499b6614a7704d9.jpg, 0, 0, 0, 1
Screenshot-2024-05-26-135210_png.rf.b179c36e5d4119db2d7abbda819838e3.jpg, 0, 0, 1, 0
Screenshot-2024-05-26-112702_png.rf.b1fb8069f2cdf22b58f24ef54ca975c7.jpg, 0, 0, 1, 0
Screenshot-2024-05-26-114728_png.rf.af9c37cebf5e7c45c478dbba7eb45d1d.jpg, 0, 0, 0, 1
Screenshot-2024-05-26-113153_png.rf.b02f080f3f0bd0a54016a1406d607f32.jpg, 1, 0, 0, 0
Screenshot-2024-05-26-134735_png.rf.b5432777d35ddc1879c06e747aa3f482.jpg, 0, 1, 0, 0
Screenshot-2024-05-26-135243_png.rf.b23305a164eefebb5521c2cee790e057.jpg, 0, 0, 1, 0
Screenshot-2024-05-26-113022_png.rf.b7a0e7b851502aa0004715f762d9422a.jpg, 1, 0, 0, 0
Screenshot-2024-05-26-111231_png.rf.b1891d48e45160ef39b44adb73288366.jpg, 0, 1, 0, 0
Screenshot-2024-05-26-120336_png.rf.b60151493ed6b7705cdcd15accf0e001.jpg, 0, 0, 0, 1
Screenshot-2024-05-26-120912_png.rf.b680351eb411f688163e27bdf1be7856.jpg, 0, 0, 0, 1
Screenshot-2024-05-26-114900_png.rf.b68aadb0441218763999b2f90b5663a1.jpg, 0, 0, 0, 1
Screenshot-2024-05-26-004445_png.rf.b6a19de85c4d7b8b3e2d6e48055ee50a.jpg, 1, 0, 0, 0
Screenshot-2024-05-26-135210_png.rf.bd6bc75213a68c584be6bc1b70e0481a.jpg, 0, 0, 1, 0
Screenshot-2024-05-26-003657_png.rf.bbce6c16f0290e0454e02ddf0e9c65d5.jpg, 1, 0, 0, 0
Screenshot-2024-05-26-111231_png.rf.b98ae2bc4091a2fad6ca9446cd2a1b73.jpg, 0, 1, 0, 0
Screenshot-2024-05-26-134956_png.rf.b6eacf81f5db9c0d14ae9800d3c7057a.jpg, 0, 0, 1, 0
Screenshot-2024-05-26-111231_png.rf.b5d8c85f628c74cc691da08b0436142e.jpg, 0, 1, 0, 0
Screenshot-2024-05-26-114948_png.rf.b0e3219a7666c4ccef4e2e1aa3dbe9c2.jpg, 0, 0, 0, 1
Screenshot-2024-05-26-135200_png.rf.b75be2ddd095d6f4864ffce05e04b6a5.jpg, 0, 0, 1, 0
Screenshot-2024-05-26-111334_png.rf.ba1a77d72cdeba5f1a7bddef74542fa4.jpg, 0, 1, 0, 0
Screenshot-2024-05-26-114356_png.rf.bfc1b037f0a1f93f14b8b2f970bb7b4e.jpg, 0, 0, 0, 1
Screenshot-2024-05-26-1342123_png.rf.bac0560643330eb4ec63b57fc3baad38.jpg, 0, 1, 0, 0
Screenshot-2024-05-26-114926_png.rf.bf02df93a70165728abc17b13aeac50d.jpg, 0, 0, 0, 1
Screenshot-2024-05-26-120423_png.rf.bb809599a6de7fc8bc121947e65b967a.jpg, 0, 0, 0, 1
Screenshot-2024-05-26-134944_png.rf.c37a004a2d69fb5555c3f667d888c48f.jpg, 0, 0, 1, 0
Screenshot-2024-05-26-114756_png.rf.be674f085152551f3472577444367489.jpg, 0, 0, 0, 1
Screenshot-2024-05-26-112912_png.rf.bc25d2f2b3faa8764d8ba8ba3d00c085.jpg, 1, 0, 0, 0
Screenshot-2024-05-26-113044_png.rf.bf010587c3bb64cdb9a7350323c611e3.jpg, 1, 0, 0, 0
Screenshot-2024-05-26-112359_png.rf.c4a2c6fb25627e28249f382bd316a969.jpg, 0, 0, 1, 0
Screenshot-2024-05-26-112643_png.rf.c3a8e0353f040029ff82f06e3f0c03f7.jpg, 0, 0, 1, 0
Screenshot-2024-05-26-120733_png.rf.c1867e81beb9551239751281d131f689.jpg, 0, 0, 0, 1
Screenshot-2024-05-26-120525_png.rf.c4ed6fac5e373cc6699f923bef1624fe.jpg, 0, 0, 0, 1
Screenshot-2024-05-26-004421_png.rf.c1427abb23529a88dcb294927a0b532e.jpg, 1, 0, 0, 0
Screenshot-2024-05-26-111514_png.rf.c3668d597d6732606072718edb33c773.jpg, 0, 1, 0, 0
Screenshot-2024-05-26-134212_png.rf.c610677d6eff40c5b8a1e4281a905cb6.jpg, 0, 1, 0, 0
Screenshot-2024-05-26-135319_png.rf.c3953fea3534f6ca2d796859ef519655.jpg, 0, 0, 1, 0
Screenshot-2024-05-26-113138_png.rf.b0538f76ea204fcb55da164b9185f59a.jpg, 1, 0, 0, 0
Screenshot-2024-05-26-135243_png.rf.c16c02a41223444cac986c198df055ca.jpg, 0, 0, 1, 0
Screenshot-2024-05-26-120700_png.rf.c4c3e251752fa036c621bf3fdb3b1a39.jpg, 0, 0, 0, 1
Screenshot-2024-05-26-004623_png.rf.c28c568fe1d36b2bec1d955e10d083f0.jpg, 0, 1, 0, 0
Screenshot-2024-05-26-113028_png.rf.cadf7bbd3c24f1a38c661477e504bd73.jpg, 1, 0, 0, 0
qw_png.rf.c6c26e8d77693410b8067fc8f3205069.jpg, 0, 0, 1, 0
Screenshot-2024-05-26-114413_png.rf.ca0c8c46b14d89bbb1ab01d101de6426.jpg, 0, 0, 0, 1
Screenshot-2024-05-26-114716_png.rf.c9b2b32a5408445d6ac31f2ad38d0894.jpg, 0, 0, 0, 1
Screenshot-2024-05-26-134800_png.rf.c7521933f150bae969b9207f39679530.jpg, 0, 1, 0, 0
Screenshot-2024-05-26-111613_png.rf.c7c814b84d3694b8d8674da68f189596.jpg, 0, 1, 0, 0
Screenshot-2024-05-26-134548_png.rf.c7fb9610200402346144a680cbf2fd69.jpg, 0, 1, 0, 0
Screenshot-2024-05-26-135210_png.rf.c8269c17d27a5ab8ee3bca81d7855663.jpg, 0, 0, 1, 0
Screenshot-2024-05-26-112928_png.rf.c6988f899b32830b2fbe93bcab5de935.jpg, 1, 0, 0, 0
Screenshot-2024-05-26-112720_png.rf.ca8e0586ddcaa46ee4b67cee8d3791d7.jpg, 0, 0, 1, 0
Screenshot-2024-05-26-134800_png.rf.cc55f78c5c97f37685181f94cbd405cd.jpg, 0, 1, 0, 0
Screenshot-2024-05-26-111241_png.rf.cac500ee5ef31f8a226338b945a02168.jpg, 0, 1, 0, 0
Screenshot-2024-05-26-113153_png.rf.c94fde45455dbb3511b64522f2aff307.jpg, 1, 0, 0, 0
Screenshot-2024-05-26-114948_png.rf.cbc49933806e10a353a4a41a97bfc0f8.jpg, 0, 0, 0, 1
Screenshot-2024-05-26-112730_png.rf.cce7505d558afc7ea25b03acf5962e03.jpg, 0, 0, 1, 0
Screenshot-2024-05-26-134800_png.rf.cdc810ad30248019106f1d2fc3aab40f.jpg, 0, 1, 0, 0
Screenshot-2024-05-26-115103_png.rf.ccf353fd7f48a23f80feb78c99f33fc0.jpg, 0, 0, 0, 1
Screenshot-2024-05-26-115953_png.rf.cbadeb6b67d3466a942e1e579f5f00cf.jpg, 0, 0, 0, 1
Screenshot-2024-05-26-112535_png.rf.c81581c2618ef9f4ad424e8d07f52af4.jpg, 0, 0, 1, 0
Screenshot-2024-05-26-112921_png.rf.c9d2b88e8b312a39e13b12d55f0e436e.jpg, 1, 0, 0, 0
Screenshot-2024-05-26-112711_png.rf.ccb5ac464ca7caf536d6645999c12890.jpg, 0, 0, 1, 0
Screenshot-2024-05-26-115032_png.rf.c662f049f9d1187995f5c7cb1353ebc8.jpg, 0, 0, 0, 1
Screenshot-2024-05-26-134315_png.rf.cc64a6686aa15e6043619b2d1dde1ade.jpg, 0, 1, 0, 0
Screenshot-2024-05-26-113201_png.rf.caf9328cd1c791dd2358fd26fc15cd55.jpg, 1, 0, 0, 0
Screenshot-2024-05-26-115254_png.rf.cf175d8ab14f1c28dfb29be084f69c7a.jpg, 0, 0, 0, 1
Screenshot-2024-05-26-134956_png.rf.d263b8c2fc554a21e115d79bf74ba69a.jpg, 0, 0, 1, 0
Screenshot-2024-05-26-134931_png.rf.d1c5e7d7d3672f887cfc505d9720e5d6.jpg, 0, 0, 1, 0
Screenshot-2024-05-26-114516_png.rf.cfe6427dccc70dba909a7273cbac24c9.jpg, 0, 0, 0, 1
Screenshot-2024-05-26-112431_png.rf.cf331f43c1792cfbe17010693d2b8604.jpg, 0, 0, 1, 0
Screenshot-2024-05-26-004359_png.rf.cdfeef6cb42cbc92aa5bdfe853a76a58.jpg, 1, 0, 0, 0
Screenshot-2024-05-26-112654_png.rf.ce1c7c5ebf2143d476f2db7e2c1890ae.jpg, 0, 0, 1, 0
Screenshot-2024-05-26-134548_png.rf.d76f6d4b7febb1f13957a39a84b49cbb.jpg, 0, 1, 0, 0
Screenshot-2024-05-26-111325_png.rf.d22fc7d70e9f641526ebd0152c7ed493.jpg, 0, 1, 0, 0
Screenshot-2024-05-26-003600_png.rf.d28ffaeeeefa9ba067562f71afdb6f1e.jpg, 1, 0, 0, 0
Screenshot-2024-05-26-134341_png.rf.d433f39c4e20349d10c7d7177e9159c6.jpg, 0, 1, 0, 0
Screenshot-2024-05-26-113153_png.rf.d8210a060d43ba0699f52359849a59c7.jpg, 1, 0, 0, 0
Screenshot-2024-05-26-003805_png.rf.d08cdc292c84ba8f115ad1700c93497b.jpg, 1, 0, 0, 0
Screenshot-2024-05-26-004846_png.rf.d92e3347c066e7c1ec10af9d16d0d34a.jpg, 0, 0, 1, 0
Screenshot-2024-05-26-004042_png.rf.d52b7a4d81c9bbe663bfe97130f8b120.jpg, 1, 0, 0, 0
Screenshot-2024-05-26-134427_png.rf.d7688e28f0bb05f04768eb71735c6de6.jpg, 0, 1, 0, 0
Screenshot-2024-05-26-112936_png.rf.d4e979471cf212b6889f26578721b65a.jpg, 1, 0, 0, 0
Screenshot-2024-05-26-004551_png.rf.da02555862568f5dc9c51d6d25fed5c0.jpg, 0, 1, 0, 0
Screenshot-2024-05-26-113007_png.rf.d72a554229fe7d90214d0ccec3d2e233.jpg, 1, 0, 0, 0
Screenshot-2024-05-26-114639_png.rf.dd7c7afe2748ef922fa42e2eee6452c8.jpg, 0, 0, 0, 1
Screenshot-2024-05-26-120820_png.rf.db943df907fc8e410363966bf7283356.jpg, 0, 0, 0, 1
Screenshot-2024-05-26-135200_png.rf.d8ec1f46694353bded2020fc57335fe2.jpg, 0, 0, 1, 0
Screenshot-2024-05-26-111110_png.rf.da52d7650386ae8bc8b29cdefd221492.jpg, 0, 1, 0, 0
Screenshot-2024-05-26-003600_png.rf.d39551bab4672d6d6c2ad58ee6f312e9.jpg, 1, 0, 0, 0
Screenshot-2024-05-26-112553_png.rf.dc2a6bf5ead146fd4b55b3cb3f986c5c.jpg, 0, 0, 1, 0
Screenshot-2024-05-26-111655_png.rf.d9f5c3569201525d18366a6405f78e0f.jpg, 0, 1, 0, 0
Screenshot-2024-05-26-003156_png.rf.dce040d46e1d275e007e5a82f04e2ace.jpg, 1, 0, 0, 0
Screenshot-2024-05-26-121036_png.rf.dbede25fa85b97ea13b3f998ec5a4d6a.jpg, 0, 0, 0, 1
Screenshot-2024-05-26-112505_png.rf.df2ef09df5ab1c7a772c2f6e89122b7c.jpg, 0, 0, 1, 0
Screenshot-2024-05-26-135340_png.rf.d93a5212e621a64d04d9d821e5ffbc08.jpg, 0, 0, 1, 0
Screenshot-2024-05-26-114926_png.rf.ddf103afbabecccd9aa497995c299285.jpg, 0, 0, 0, 1
Screenshot-2024-05-26-114808_png.rf.e04457e86e46a7705e8d49fb7cb3dcb3.jpg, 0, 0, 0, 1
Screenshot-2024-05-26-003610_png.rf.e26f8bba97f40de3044b5fa8e2fe8173.jpg, 1, 0, 0, 0
Screenshot-2024-05-26-004717_png.rf.d8308d91417aec2dac059b6378f7b9eb.jpg, 0, 1, 0, 0
Screenshot-2024-05-26-114808_png.rf.dcd7feec21d61cea8512e157c040f486.jpg, 0, 0, 0, 1
Screenshot-2024-05-26-004717_png.rf.e1e6f98ddfe6c54031ccc0dca6fc2e6d.jpg, 0, 1, 0, 0
Screenshot-2024-05-26-112643_png.rf.df4e91ac0e952ef446e508cf71fedb01.jpg, 0, 0, 1, 0
Screenshot-2024-05-26-115032_png.rf.e062a615b1aac4569db7bad75e4fa466.jpg, 0, 0, 0, 1
Screenshot-2024-05-26-135220_png.rf.cfb23f0c05ac3c3ddf30afe0794040ca.jpg, 0, 0, 1, 0
Screenshot-2024-05-26-112958_png.rf.df2b8bbf5583d421df86da7c2d82255b.jpg, 1, 0, 0, 0
Screenshot-2024-05-26-112635_png.rf.e158fb091fd2c085d2ff2e0d9ec07ad9.jpg, 0, 0, 1, 0
Screenshot-2024-05-26-112951_png.rf.e14f33d394d5beb05d13dd69c716fd2d.jpg, 1, 0, 0, 0
Screenshot-2024-05-26-115103_png.rf.e301184f78e85de45ce80404e38475ad.jpg, 0, 0, 0, 1
Screenshot-2024-05-26-003940_png.rf.df003459c4cb65c048caa8ac586a04ef.jpg, 1, 0, 0, 0
Screenshot-2024-05-26-004541_png.rf.e1e16e00b50a7f5a410e2637fd35e9cf.jpg, 0, 1, 0, 0
Screenshot-2024-05-26-004042_png.rf.e25d97a6484caf226e2b69ac31bd78ca.jpg, 1, 0, 0, 0
Screenshot-2024-05-26-134813_png.rf.df2a8601be4e01421f903ef0ab1dc698.jpg, 0, 1, 0, 0
Screenshot-2024-05-26-003600_png.rf.e41f6302338c7ac52d00146ddbd8c6c3.jpg, 1, 0, 0, 0
Screenshot-2024-05-26-120222_png.rf.e332212d2691a0328d25fd270123cb17.jpg, 0, 0, 0, 1
Screenshot-2024-05-26-120820_png.rf.e440053f1c1bcb835a266f00ddbc980f.jpg, 0, 0, 0, 1
Screenshot-2024-05-26-134212_png.rf.e30a1897e2861d3f974645be1e6627dd.jpg, 0, 1, 0, 0
Screenshot-2024-05-26-112958_png.rf.e30dc38f35f9bf858a207b88182979bf.jpg, 1, 0, 0, 0
Screenshot-2024-05-26-135229_png.rf.e54fb8748eb9d07257f6b0c31223f962.jpg, 0, 0, 1, 0
Screenshot-2024-05-26-002533_png.rf.e4940f86d8423d0593502accd15fffdf.jpg, 0, 0, 1, 0
Screenshot-2024-05-26-120642_png.rf.e28932a1a5e9bd1bbf28737842cf7639.jpg, 0, 0, 0, 1
Screenshot-2024-05-26-112553_png.rf.e5fe84047ba201e7617b76b70d534a2a.jpg, 0, 0, 1, 0
Screenshot-2024-05-26-120222_png.rf.e8c69bf6765899c56fe5d19489afefd2.jpg, 0, 0, 0, 1
Screenshot-2024-05-26-112702_png.rf.ebc111739a4673a4643157ebef575bf6.jpg, 0, 0, 1, 0
Screenshot-2024-05-26-120759_png.rf.e6979ed131516a2ab908fa46d7f3f74f.jpg, 0, 0, 0, 1
Screenshot-2024-05-26-120541_png.rf.e85757f0e5fe382f2c113f52268e5839.jpg, 0, 0, 0, 1
Screenshot-2024-05-26-112912_png.rf.e8157404794f877bfe901c9c246543c1.jpg, 1, 0, 0, 0
Screenshot-2024-05-26-114413_png.rf.e06a6eb7dd3fcb1a0fbc45a4032cec1d.jpg, 0, 0, 0, 1
Screenshot-2024-05-26-135402_png.rf.e956c0f9c48ab301411b1ac78aaf5d0d.jpg, 0, 0, 1, 0
Screenshot-2024-05-26-112711_png.rf.e74c2908f532e61e7bc6b29311da34be.jpg, 0, 0, 1, 0
Screenshot-2024-05-26-112613_png.rf.e93fd039b48a650d9e0db28dfc964f21.jpg, 0, 0, 1, 0
Screenshot-2024-05-26-112643_png.rf.e91fdf3b7fdfa176d4336fb547554cbc.jpg, 0, 0, 1, 0
Screenshot-2024-05-26-112936_png.rf.e9018419b8ea33aa4195d8b1c6aedf91.jpg, 1, 0, 0, 0
Screenshot-2024-05-26-113138_png.rf.e6aabf3f59b7823ac0caa6833799c6b7.jpg, 1, 0, 0, 0
Screenshot-2024-05-26-111334_png.rf.ea704c399d89c32884a049f49d7b6063.jpg, 0, 1, 0, 0
Screenshot-2024-05-26-004243_png.rf.e8474609e6442de87e1e0247366a4081.jpg, 1, 0, 0, 0